<keymap version="1" name="macOS 副本" parent="Mac OS X 10.5+">
  <action id="ActivateBookmarksToolWindow" />
  <action id="ActivateFindToolWindow" />
  <action id="ActivateServicesToolWindow" />
  <action id="ActivateTerminalToolWindow">
    <keyboard-shortcut first-keystroke="meta 3" />
  </action>
  <action id="Console.TableResult.Reload" />
  <action id="CreateVueSingleFileComp">
    <keyboard-shortcut first-keystroke="ctrl v" />
  </action>
  <action id="DuplicatesForm.SendToRight" />
  <action id="EditorDown">
    <keyboard-shortcut first-keystroke="down" />
  </action>
  <action id="EditorRight">
    <keyboard-shortcut first-keystroke="right" />
  </action>
  <action id="FileChooser.GotoModule" />
  <action id="FileChooser.GotoProject" />
  <action id="FileChooser.TogglePathBar" />
  <action id="FocusEditor">
    <keyboard-shortcut first-keystroke="escape" />
    <keyboard-shortcut first-keystroke="meta 2" />
  </action>
  <action id="Github.PullRequest.Comments.Reload" />
  <action id="Github.PullRequest.Details.Reload" />
  <action id="NewDir">
    <keyboard-shortcut first-keystroke="ctrl f" />
  </action>
  <action id="NewFile">
    <keyboard-shortcut first-keystroke="ctrl n" />
  </action>
  <action id="NewHtmlFile">
    <keyboard-shortcut first-keystroke="ctrl h" />
  </action>
  <action id="NewJavaScriptFile">
    <keyboard-shortcut first-keystroke="ctrl j" />
  </action>
  <action id="NewTypeScriptFile">
    <keyboard-shortcut first-keystroke="ctrl t" />
  </action>
  <action id="OpenFile">
    <keyboard-shortcut first-keystroke="meta p" />
  </action>
  <action id="ParameterInfo" />
  <action id="PopupMenu-selectNext">
    <keyboard-shortcut first-keystroke="down" />
  </action>
  <action id="QuickJavaDoc">
    <keyboard-shortcut first-keystroke="f1" />
    <mouse-shortcut keystroke="control button2" />
  </action>
  <action id="RecentProjectListGroup">
    <keyboard-shortcut first-keystroke="meta semicolon" />
  </action>
  <action id="Refactorings.QuickListPopupAction" />
  <action id="Refresh" />
  <action id="RenameElement">
    <keyboard-shortcut first-keystroke="meta 8" />
  </action>
  <action id="Replace" />
  <action id="Rerun" />
  <action id="Run">
    <keyboard-shortcut first-keystroke="ctrl r" />
    <keyboard-shortcut first-keystroke="meta r" />
  </action>
  <action id="SearchEverywhere">
    <keyboard-shortcut first-keystroke="meta t" />
  </action>
  <action id="ServiceView.GroupByContributor" />
  <action id="Svn.RefreshWorkingCopies" />
  <action id="Terminal.NewTab" />
  <action id="TodoViewGroupByFlattenPackage" />
  <action id="Tree-selectNext">
    <keyboard-shortcut first-keystroke="down" />
  </action>
  <action id="TypeHierarchy" />
  <action id="TypeHierarchyBase.BaseOnThisType" />
  <action id="UsageGrouping.UsageType" />
  <action id="Vcs.Log.Refresh" />
  <action id="Vcs.Log.ShowTooltip">
    <keyboard-shortcut first-keystroke="f1" />
    <mouse-shortcut keystroke="control button2" />
  </action>
  <action id="Vcs.QuickListPopupAction" />
  <action id="Vcs.UpdateProject" />
</keymap>