<application>
  <component name="IgnoreSettings" missingGitignore="true" ignoredFileStatus="true" starredTemplates="" unignoreActions="true" notifyIgnoredEditing="true" foldableProjectViewAdvertisePresented="true">
    <languages>
      <language id="Bazaar" NEW_FILE="true" ENABLE="true" />
      <language id="Chef" NEW_FILE="true" ENABLE="false" />
      <language id="CloudFoundry" NEW_FILE="true" ENABLE="false" />
      <language id="Cvs" NEW_FILE="true" ENABLE="true" />
      <language id="Darcs" NEW_FILE="true" ENABLE="true" />
      <language id="DeployHQ" NEW_FILE="true" ENABLE="false" />
      <language id="Docker" NEW_FILE="true" ENABLE="false" />
      <language id="ElasticBeanstalk" NEW_FILE="true" ENABLE="false" />
      <language id="Eleventy" NEW_FILE="true" ENABLE="false" />
      <language id="ESLint" NEW_FILE="true" ENABLE="false" />
      <language id="Floobits" NEW_FILE="true" ENABLE="false" />
      <language id="Fossil" NEW_FILE="true" ENABLE="true" />
      <language id="Git" NEW_FILE="true" ENABLE="false" />
      <language id="Google Cloud" NEW_FILE="true" ENABLE="false" />
      <language id="Kubernetes Helm" NEW_FILE="true" ENABLE="false" />
      <language id="Jetpack" NEW_FILE="true" ENABLE="false" />
      <language id="JSHint" NEW_FILE="true" ENABLE="false" />
      <language id="Mercurial" NEW_FILE="true" ENABLE="false" />
      <language id="Monotone" NEW_FILE="true" ENABLE="true" />
      <language id="Nodemon" NEW_FILE="true" ENABLE="false" />
      <language id="Npm" NEW_FILE="true" ENABLE="false" />
      <language id="NuxtJS" NEW_FILE="true" ENABLE="false" />
      <language id="OpenAPI Generator" NEW_FILE="true" ENABLE="false" />
      <language id="Perforce" NEW_FILE="true" ENABLE="false" />
      <language id="Prettier" NEW_FILE="true" ENABLE="false" />
      <language id="Sourcegraph" NEW_FILE="true" ENABLE="false" />
      <language id="StyleLint" NEW_FILE="true" ENABLE="false" />
      <language id="Stylint" NEW_FILE="true" ENABLE="false" />
      <language id="Swagger Codegen" NEW_FILE="true" ENABLE="false" />
      <language id="Terraform" NEW_FILE="true" ENABLE="false" />
      <language id="Team Foundation" NEW_FILE="true" ENABLE="true" />
      <language id="Tokei" NEW_FILE="true" ENABLE="false" />
      <language id="Up" NEW_FILE="true" ENABLE="false" />
      <language id="Vercel" NEW_FILE="true" ENABLE="false" />
      <language id="Yarn" NEW_FILE="true" ENABLE="false" />
    </languages>
    <userTemplates>
      <template name="Example user template"># Logs
logs
*.log
npm-debug.log*
yarn-debug.log*
yarn-error.log*
pnpm-debug.log*
lerna-debug.log*

node_modules
dist
dist-ssr
*.local

# Editor directories and files
.vscode/*
!.vscode/extensions.json
.idea
.DS_Store
*.suo
*.ntvs*
*.njsproj
*.sln
*.sw?</template>
    </userTemplates>
  </component>
</application>