<keymap version="1" name="macOS 副本" parent="Mac OS X 10.5+">
  <action id="ActivateBookmarksToolWindow" />
  <action id="ActivateFindToolWindow" />
  <action id="ActivateTerminalToolWindow">
    <keyboard-shortcut first-keystroke="meta 3" />
  </action>
  <action id="DuplicatesForm.SendToRight" />
  <action id="FileChooser.GotoModule" />
  <action id="FileChooser.GotoProject" />
  <action id="FileChooser.TogglePathBar" />
  <action id="FocusEditor">
    <keyboard-shortcut first-keystroke="escape" />
    <keyboard-shortcut first-keystroke="meta 2" />
  </action>
  <action id="OpenFile">
    <keyboard-shortcut first-keystroke="meta p" />
  </action>
  <action id="ParameterInfo" />
  <action id="RecentProjectListGroup">
    <keyboard-shortcut first-keystroke="meta semicolon" />
  </action>
</keymap>